437458;Приорбанк ОАО;VISA
445987;Приорбанк ОАО;VISA
458285;Приорбанк ОАО;VISA
471326;Приорбанк ОАО;VISA
483451;Приорбанк ОАО;VISA
491698;Приорбанк ОАО;VISA
532658;Приорбанк ОАО;Mastercard
536600;Приорбанк ОАО;Mastercard
548952;Приорбанк ОАО;Mastercard
91123820;Приорбанк ОАО;БЕЛКАРТ
91123821;Приорбанк ОАО;БЕЛКАРТ
40612740;ЗАО Альфа-Банк;VISA
42452300;ЗАО Альфа-Банк;VISA
43735000;ЗАО Альфа-Банк;VISA
45852042;ЗАО Альфа-Банк;VISA
45852172;ЗАО Альфа-Банк;VISA
45852200;ЗАО Альфа-Банк;VISA
47739140;ЗАО Альфа-Банк;VISA
47739164;ЗАО Альфа-Банк;VISA
52081300;ЗАО Альфа-Банк;Mastercard
52081301;ЗАО Альфа-Банк;Mastercard
52934024;ЗАО Альфа-Банк;Mastercard
52934075;ЗАО Альфа-Банк;Mastercard
53444962;ЗАО Альфа-Банк;Mastercard
53700000;ЗАО Альфа-Банк;Mastercard
53921412;ЗАО Альфа-Банк;Mastercard
53921460;ЗАО Альфа-Банк;Mastercard
54420645;ЗАО Альфа-Банк;Mastercard
54465038;ЗАО Альфа-Банк;Mastercard
54753270;ЗАО Альфа-Банк;Mastercard
91123810;ЗАО Альфа-Банк;БЕЛКАРТ
91123811;ЗАО Альфа-Банк;БЕЛКАРТ
91126810;ЗАО Альфа-Банк;БЕЛКАРТ
91126811;ЗАО Альфа-Банк;БЕЛКАРТ
41185676;ЗАО Банк Решение;VISA
43223197;ЗАО Банк Решение;VISA
47275275;ЗАО Банк Решение;VISA
52571425;ЗАО Банк Решение;MasterCard
91125000;ЗАО Банк Решение;БЕЛКАРТ-ПРЕМИУМ
91127000;ЗАО Банк Решение;БЕЛКАРТ-ПРЕМИУМ
22042901;ЗАО Банк ВТБ (Беларусь);МИР
22042902;ЗАО Банк ВТБ (Беларусь);МИР
22042903;ЗАО Банк ВТБ (Беларусь);МИР
445452;ЗАО Банк ВТБ (Беларусь);VISA
445453;ЗАО Банк ВТБ (Беларусь);VISA
445454;ЗАО Банк ВТБ (Беларусь);VISA
471346;ЗАО Банк ВТБ (Беларусь);VISA
525694;ЗАО Банк ВТБ (Беларусь);MasterCard
91125020;ЗАО Банк ВТБ (Беларусь);БЕЛКАРТ
91127020;ЗАО Банк ВТБ (Беларусь);БЕЛКАРТ
91127025;ЗАО Банк ВТБ (Беларусь);БЕЛКАРТ
91127026;ЗАО Банк ВТБ (Беларусь);БЕЛКАРТ
91127027;ЗАО Банк ВТБ (Беларусь);БЕЛКАРТ
91127028;ЗАО Банк ВТБ (Беларусь);БЕЛКАРТ
91127029;ЗАО Банк ВТБ (Беларусь);БЕЛКАРТ
421487;ЗАО Банк Дабрабыт;VISA
512722;ЗАО Банк Дабрабыт;MasterCard
529344;ЗАО Банк Дабрабыт;MasterCard
544979;ЗАО Банк Дабрабыт;MasterCard
91123970;ЗАО Банк Дабрабыт;БЕЛКАРТ
91123971;ЗАО Банк Дабрабыт;БЕЛКАРТ
40271314;ЗАО Банк РРБ;VISA
48280128;ЗАО Банк РРБ;VISA
48280228;ЗАО Банк РРБ;VISA
48280328;ЗАО Банк РРБ;VISA
91123910;ЗАО Банк РРБ;БЕЛКАРТ
41044508;ЗАО БСБ Банк;VISA
41045407;ЗАО БСБ Банк;VISA
41700404;ЗАО БСБ Банк;VISA
45828418;ЗАО БСБ Банк;VISA
46012202;ЗАО БСБ Банк;VISA
46012245;ЗАО БСБ Банк;VISA
46012273;ЗАО БСБ Банк;VISA
46012607;ЗАО БСБ Банк;VISA
46793918;ЗАО БСБ Банк;VISA
51335501;ЗАО БСБ Банк;MasterCard
51335511;ЗАО БСБ Банк;MasterCard
51442102;ЗАО БСБ Банк;MasterCard
51442104;ЗАО БСБ Банк;MasterCard
51442105;ЗАО БСБ Банк;MasterCard
51442106;ЗАО БСБ Банк;MasterCard
53927208;ЗАО БСБ Банк;MasterCard
91123940;ЗАО БСБ Банк;БЕЛКАРТ
91123941;ЗАО БСБ Банк;БЕЛКАРТ
41749400;ЗАО МТБанк;VISA
41749401;ЗАО МТБанк;VISA
41749411;ЗАО МТБанк;VISA
41749500;ЗАО МТБанк;VISA
41749501;ЗАО МТБанк;VISA
41749502;ЗАО МТБанк;VISA
41749503;ЗАО МТБанк;VISA
41749504;ЗАО МТБанк;VISA
41775300;ЗАО МТБанк;VISA
41775311;ЗАО МТБанк;VISA
41775312;ЗАО МТБанк;VISA
41775313;ЗАО МТБанк;VISA
417753151;ЗАО МТБанк;VISA
41775400;ЗАО МТБанк;VISA
46499000;ЗАО МТБанк;VISA
46499011;ЗАО МТБанк;VISA
46499012;ЗАО МТБанк;VISA
464990121;ЗАО МТБанк;VISA
464990122;ЗАО МТБанк;VISA
464990123;ЗАО МТБанк;VISA
46499013;ЗАО МТБанк;VISA
52778200;ЗАО МТБанк;Mastercard
52778201;ЗАО МТБанк;Mastercard
52778202;ЗАО МТБанк;Mastercard
53510410;ЗАО МТБанк;Mastercard
53510411;ЗАО МТБанк;Mastercard
53510412;ЗАО МТБанк;Mastercard
53510413;ЗАО МТБанк;Mastercard
53510415;ЗАО МТБанк;Mastercard
53510416;ЗАО МТБанк;Mastercard
54264501;ЗАО МТБанк;Mastercard
54264502;ЗАО МТБанк;Mastercard
542645306;ЗАО МТБанк;Mastercard
542645308;ЗАО МТБанк;Mastercard
5426454;ЗАО МТБанк;Mastercard
5426457;ЗАО МТБанк;Mastercard
54264570;ЗАО МТБанк;Mastercard
5450464000;ЗАО МТБанк;Mastercard
55483200;ЗАО МТБанк;Mastercard
554832001;ЗАО МТБанк;Mastercard
554832002;ЗАО МТБанк;Mastercard
554832003;ЗАО МТБанк;Mastercard
91125010;ЗАО МТБанк;БЕЛКАРТ-ПРЕМИУМ
91125011;ЗАО МТБанк;БЕЛКАРТ
43748830;ЗАО Нео Банк Азия;VISA
43748836;ЗАО Нео Банк Азия;VISA
43748844;ЗАО Нео Банк Азия;VISA
43748866;ЗАО Нео Банк Азия;VISA
437488999;ЗАО Нео Банк Азия;VISA
43748920;ЗАО Нео Банк Азия;VISA
43749020;ЗАО Нео Банк Азия;VISA
44614200;ЗАО Нео Банк Азия;VISA
91121500;ЗАО Нео Банк Азия;БЕЛКАРТ-ПРЕМИУМ
91123920;ЗАО Нео Банк Азия;БЕЛКАРТ-ПРЕМИУМ-МИР
91123921;ЗАО Нео Банк Азия;БЕЛКАРТ
41305900;ЗАО Цептер Банк;VISA
440511;ЗАО Цептер Банк;VISA
44051100;ЗАО Цептер Банк;VISA
44051111;ЗАО Цептер Банк;VISA
44051121;ЗАО Цептер Банк;VISA
44051131;ЗАО Цептер Банк;VISA
440513;ЗАО Цептер Банк;VISA
44051300;ЗАО Цептер Банк;VISA
44051311;ЗАО Цептер Банк;VISA
44051321;ЗАО Цептер Банк;VISA
44051331;ЗАО Цептер Банк;VISA
459229;ЗАО Цептер Банк;VISA
476396;ЗАО Цептер Банк;VISA
47639611;ЗАО Цептер Банк;VISA
91123850;ЗАО Цептер Банк;БЕЛКАРТ
91126850;ЗАО Цептер Банк;БЕЛКАРТ
42464100;ОАО АСБ Беларусбанк;
42551900;ОАО АСБ Беларусбанк;
42551901;ОАО АСБ Беларусбанк;
42552003;ОАО АСБ Беларусбанк;
44878905;ОАО АСБ Беларусбанк;
48489400;ОАО АСБ Беларусбанк;
51255800;ОАО АСБ Беларусбанк;
54708740;ОАО АСБ Беларусбанк;
54709100;ОАО АСБ Беларусбанк;
54750405;ОАО АСБ Беларусбанк;
55360800;ОАО АСБ Беларусбанк;
62296440;ОАО АСБ Беларусбанк;
62296441;ОАО АСБ Беларусбанк;
62330527;ОАО АСБ Беларусбанк;
671129;ОАО АСБ Беларусбанк;
671176;ОАО АСБ Беларусбанк;
671177;ОАО АСБ Беларусбанк;
67633901;ОАО АСБ Беларусбанк;
91123800;ОАО АСБ Беларусбанк;БЕЛКАРТ
91123801;ОАО АСБ Беларусбанк;БЕЛКАРТ
91123802;ОАО АСБ Беларусбанк;БЕЛКАРТ
91123803;ОАО АСБ Беларусбанк;БЕЛКАРТ
91126800;ОАО АСБ Беларусбанк;БЕЛКАРТ
91126801;ОАО АСБ Беларусбанк;БЕЛКАРТ
91126802;ОАО АСБ Беларусбанк;БЕЛКАРТ
91126803;ОАО АСБ Беларусбанк;БЕЛКАРТ
91126807;ОАО АСБ Беларусбанк;БЕЛКАРТ
91126808;ОАО АСБ Беларусбанк;БЕЛКАРТ
91126809;ОАО АСБ Беларусбанк;БЕЛКАРТ
424199;ОАО Банк БелВЭБ;VISA
446390;ОАО Банк БелВЭБ;VISA
446391;ОАО Банк БелВЭБ;VISA
447515;ОАО Банк БелВЭБ;VISA
484881;ОАО Банк БелВЭБ;VISA
544578;ОАО Банк БелВЭБ;MasterCard
547747;ОАО Банк БелВЭБ;MasterCard
91123830;ОАО Банк БелВЭБ;БЕЛКАРТ-ПРЕМИУМ
91123831;ОАО Банк БелВЭБ;БЕЛКАРТ-МАКСИМУМ
91126830;ОАО Банк БелВЭБ;БЕЛКАРТ-ПРЕМИУМ
91126831;ОАО Банк БелВЭБ;БЕЛКАРТ-МАКСИМУМ
91127140;ОАО Банк БелВЭБ;БЕЛКАРТ-ПРЕМИУМ
91127141;ОАО Банк БелВЭБ;БЕЛКАРТ-ПРЕМИУМ
91127150;ОАО Банк БелВЭБ;БЕЛКАРТ-ПРЕМИУМ
91127151;ОАО Банк БелВЭБ;БЕЛКАРТ-ПРЕМИУМ
91127152;ОАО Банк БелВЭБ;БЕЛКАРТ-ПРЕМИУМ
91127153;ОАО Банк БелВЭБ;БЕЛКАРТ-ПРЕМИУМ
911288;ОАО Банк БелВЭБ;БЕЛКАРТ
43203600;ОАО Белагропромбанк;VISA
43203700;ОАО Белагропромбанк;VISA
43203750;ОАО Белагропромбанк;VISA
43203800;ОАО Белагропромбанк;VISA
43204000;ОАО Белагропромбанк;VISA
46617171;ОАО Белагропромбанк;VISA
47147700;ОАО Белагропромбанк;VISA
52019500;ОАО Белагропромбанк;MasterCard
52019501;ОАО Белагропромбанк;MasterCard
52220800;ОАО Белагропромбанк;MasterCard
52220850;ОАО Белагропромбанк;MasterCard
53230800;ОАО Белагропромбанк;MasterCard
53230801;ОАО Белагропромбанк;MasterCard
53239294;ОАО Белагропромбанк;MasterCard
53670846;ОАО Белагропромбанк;MasterCard
54227581;ОАО Белагропромбанк;MasterCard
54723200;ОАО Белагропромбанк;
67069100;ОАО Белагропромбанк;
91123840;ОАО Белагропромбанк;БЕЛКАРТ
91123841;ОАО Белагропромбанк;БЕЛКАРТ
91123842;ОАО Белагропромбанк;БЕЛКАРТ
91123843;ОАО Белагропромбанк;БЕЛКАРТ
91123844;ОАО Белагропромбанк;БЕЛКАРТ
91123845;ОАО Белагропромбанк;БЕЛКАРТ
42862009;ОАО Белгазпромбанк;
42862059;ОАО Белгазпромбанк;
42862100;ОАО Белгазпромбанк;
42862109;ОАО Белгазпромбанк;
42862159;ОАО Белгазпромбанк;
42862160;ОАО Белгазпромбанк;
42862169;ОАО Белгазпромбанк;
42862179;ОАО Белгазпромбанк;
42862190;ОАО Белгазпромбанк;
42862209;ОАО Белгазпромбанк;
42862259;ОАО Белгазпромбанк;
42862309;ОАО Белгазпромбанк;
42862449;ОАО Белгазпромбанк;
42862492;ОАО Белгазпромбанк;
46413200;ОАО Белгазпромбанк;
46413220;ОАО Белгазпромбанк;
46413229;ОАО Белгазпромбанк;
48681800;ОАО Белгазпромбанк;
518597;ОАО Белгазпромбанк;
518707;ОАО Белгазпромбанк;
529922;ОАО Белгазпромбанк;
530422;ОАО Белгазпромбанк;
53091400;ОАО Белгазпромбанк;
535705;ОАО Белгазпромбанк;
62624100;ОАО Белгазпромбанк;
62624101;ОАО Белгазпромбанк;
911213;ОАО Белгазпромбанк;
91123860;ОАО Белгазпромбанк;
434484;ОАО Белинвестбанк;VISA
434485;ОАО Белинвестбанк;VISA
434486;ОАО Белинвестбанк;VISA
434487;ОАО Белинвестбанк;VISA
452443;ОАО Белинвестбанк;VISA
458291;ОАО Белинвестбанк;VISA
485017;ОАО Белинвестбанк;VISA
534769;ОАО Белинвестбанк;MasterCard
547691;ОАО Белинвестбанк;MasterCard
557884;ОАО Белинвестбанк;MasterCard
557885;ОАО Белинвестбанк;MasterCard
671127;ОАО Белинвестбанк;БЕЛКАРТ-Maestro
676663;ОАО Белинвестбанк;MasterCard
91123930;ОАО Белинвестбанк;БЕЛКАРТ
91123931;ОАО Белинвестбанк;БЕЛКАРТ
91123932;ОАО Белинвестбанк;БЕЛКАРТ
91123933;ОАО Белинвестбанк;БЕЛКАРТ
91126930;ОАО Белинвестбанк;БЕЛКАРТ
91126931;ОАО Белинвестбанк;БЕЛКАРТ
91126932;ОАО Белинвестбанк;БЕЛКАРТ
91126933;ОАО Белинвестбанк;БЕЛКАРТ
91126939;ОАО Белинвестбанк;БЕЛКАРТ
40055301;ОАО БНБ-Банк;VISA
407978734;ОАО БНБ-Банк;VISA
447560079;ОАО БНБ-Банк;VISA
447560081;ОАО БНБ-Банк;VISA
447562839;ОАО БНБ-Банк;VISA
447562847;ОАО БНБ-Банк;VISA
447562848;ОАО БНБ-Банк;VISA
447562857;ОАО БНБ-Банк;VISA
447563064;ОАО БНБ-Банк;VISA
447563066;ОАО БНБ-Банк;VISA
45004060;ОАО БНБ-Банк;VISA
45004061;ОАО БНБ-Банк;VISA
45004188;ОАО БНБ-Банк;VISA
453794844;ОАО БНБ-Банк;VISA
453794851;ОАО БНБ-Банк;VISA
453794852;ОАО БНБ-Банк;VISA
46010104;ОАО БНБ-Банк;VISA
474606359;ОАО БНБ-Банк;VISA
474606363;ОАО БНБ-Банк;VISA
474606391;ОАО БНБ-Банк;VISA
474606399;ОАО БНБ-Банк;VISA
474606400;ОАО БНБ-Банк;VISA
474606401;ОАО БНБ-Банк;VISA
474606402;ОАО БНБ-Банк;VISA
474606406;ОАО БНБ-Банк;VISA
474606413;ОАО БНБ-Банк;VISA
474606414;ОАО БНБ-Банк;VISA
474606415;ОАО БНБ-Банк;VISA
474606417;ОАО БНБ-Банк;VISA
474606420;ОАО БНБ-Банк;VISA
474606441;ОАО БНБ-Банк;VISA
474606446;ОАО БНБ-Банк;VISA
474606447;ОАО БНБ-Банк;VISA
474606451;ОАО БНБ-Банк;VISA
474606452;ОАО БНБ-Банк;VISA
474606453;ОАО БНБ-Банк;VISA
474611153;ОАО БНБ-Банк;VISA
47509605;ОАО БНБ-Банк;VISA
476409896;ОАО БНБ-Банк;VISA
48906220;ОАО БНБ-Банк;VISA
493801927;ОАО БНБ-Банк;VISA
51546981;ОАО БНБ-Банк;Mastercard
526552000;ОАО БНБ-Банк;Mastercard
526552001;ОАО БНБ-Банк;Mastercard
526552002;ОАО БНБ-Банк;Mastercard
52782615;ОАО БНБ-Банк;Mastercard
53500748;ОАО БНБ-Банк;Mastercard
53658273;ОАО БНБ-Банк;Mastercard
54257704;ОАО БНБ-Банк;Mastercard
54257712;ОАО БНБ-Банк;Mastercard
54273067;ОАО БНБ-Банк;Mastercard
54310537;ОАО БНБ-Банк;Mastercard
54439810;ОАО БНБ-Банк;Mastercard
54504695;ОАО БНБ-Банк;Mastercard
54562050;ОАО БНБ-Банк;Mastercard
54603172;ОАО БНБ-Банк;Mastercard
54603955;ОАО БНБ-Банк;Mastercard
54718878;ОАО БНБ-Банк;Mastercard
55025135;ОАО БНБ-Банк;Mastercard
55452901;ОАО БНБ-Банк;Mastercard
55707386;ОАО БНБ-Банк;Mastercard
55926800;ОАО БНБ-Банк;Mastercard
91123980;ОАО БНБ-Банк;БЕЛКАРТ
91123981;ОАО БНБ-Банк;БЕЛКАРТ
91126980;ОАО БНБ-Банк;БЕЛКАРТ
91126981;ОАО БНБ-Банк;БЕЛКАРТ
41667617;ОАО Паритетбанк;VISA
41667618;ОАО Паритетбанк;VISA
41667634;ОАО Паритетбанк;VISA
41667650;ОАО Паритетбанк;VISA
41667652;ОАО Паритетбанк;VISA
41667653;ОАО Паритетбанк;VISA
41667717;ОАО Паритетбанк;VISA
41667730;ОАО Паритетбанк;VISA
41667753;ОАО Паритетбанк;VISA
41667760;ОАО Паритетбанк;VISA
41667762;ОАО Паритетбанк;VISA
41667775;ОАО Паритетбанк;VISA
41667780;ОАО Паритетбанк;VISA
42787017;ОАО Паритетбанк;VISA
42787018;ОАО Паритетбанк;VISA
43739100;ОАО Паритетбанк;VISA
43739110;ОАО Паритетбанк;VISA
45878681;ОАО Паритетбанк;VISA
45878682;ОАО Паритетбанк;VISA
45905617;ОАО Паритетбанк;VISA
45905618;ОАО Паритетбанк;VISA
53042005;ОАО Паритетбанк;MasterCard
53042050;ОАО Паритетбанк;MasterCard
53042051;ОАО Паритетбанк;MasterCard
53042063;ОАО Паритетбанк;MasterCard
91123950;ОАО Паритетбанк;БЕЛКАРТ-ПРЕМИУМ
91126950;ОАО Паритетбанк;БЕЛКАРТ-ПРЕМИУМ
410745;ОАО Сбер Банк;VISA
449655;ОАО Сбер Банк;VISA
460257;ОАО Сбер Банк;VISA
463903;ОАО Сбер Банк;VISA
463908;ОАО Сбер Банк;VISA
463920;ОАО Сбер Банк;VISA
473126;ОАО Сбер Банк;VISA
527841;ОАО Сбер Банк;MasterCard
535063;ОАО Сбер Банк;MasterCard
543553;ОАО Сбер Банк;MasterCard
559498;ОАО Сбер Банк;MasterCard
91123880;ОАО Сбер Банк;БЕЛКАРТ
91123881;ОАО Сбер Банк;БЕЛКАРТ
91123882;ОАО Сбер Банк;БЕЛКАРТ
91126880;ОАО Сбер Банк;БЕЛКАРТ
91126881;ОАО Сбер Банк;БЕЛКАРТ
91126882;ОАО Сбер Банк;БЕЛКАРТ
91127100;ОАО Сбер Банк;БЕЛКАРТ
91127101;ОАО Сбер Банк;БЕЛКАРТ
91127102;ОАО Сбер Банк;БЕЛКАРТ
91127103;ОАО Сбер Банк;БЕЛКАРТ
91127104;ОАО Сбер Банк;БЕЛКАРТ
91127110;ОАО Сбер Банк;БЕЛКАРТ
91127111;ОАО Сбер Банк;БЕЛКАРТ
91127112;ОАО Сбер Банк;БЕЛКАРТ
91127113;ОАО Сбер Банк;БЕЛКАРТ
91127114;ОАО Сбер Банк;БЕЛКАРТ
91127115;ОАО Сбер Банк;БЕЛКАРТ
91127117;ОАО Сбер Банк;БЕЛКАРТ
91127118;ОАО Сбер Банк;БЕЛКАРТ
47220940;ОАО Статусбанк;VISA
47220990;ОАО Статусбанк;VISA
52105820;ОАО Статусбанк;MasterCard
52105821;ОАО Статусбанк;MasterCard
52782690;ОАО Статусбанк;MasterCard
91123990;ОАО Статусбанк;БЕЛКАРТ
40328210;ОАО Технобанк;VISA
40328211;ОАО Технобанк;VISA
40355810;ОАО Технобанк;VISA
41429777;ОАО Технобанк;VISA
41429830;ОАО Технобанк;VISA
41429831;ОАО Технобанк;VISA
41429832;ОАО Технобанк;VISA
47046930;ОАО Технобанк;VISA
47975310;ОАО Технобанк;VISA
52779730;ОАО Технобанк;MasterCard
52804319;ОАО Технобанк;MasterCard
52908800;ОАО Технобанк;MasterCard
53211382;ОАО Технобанк;MasterCard
67117530;ОАО Технобанк;БЕЛКАРТ-Maestro
91123890;ОАО Технобанк;БЕЛКАРТ-МИР
911298;ОАО Технобанк;БЕЛКАРТ-ПРЕМИУМ
